{"cameraMode":{"drawMode":0,"name":"Shaded","section":"Shading Mode"},"sceneLighting":true,"audioPlay":false,"sceneViewState":{"m_AlwaysRefresh":false,"showFog":true,"showSkybox":true,"showFlares":true,"showImageEffects":true,"showParticleSystems":true,"showVisualEffectGraphs":true,"m_FxEnabled":true},"in2DMode":false,"pivot":{"x":-1.0236949920654297,"y":0.3056352734565735,"z":0.10516536980867386},"rotation":{"x":0.2409099042415619,"y":-0.00843431893736124,"z":0.002094095107167959,"w":0.9705178737640381},"size":2.8071064949035646,"orthographic":false}